title	url	short_desc	text	img	publisher	datetime
"첼시가 원하는 '1141억' 공격수…맨유도 영입 노린다 ""준비 완료"""	https://sports.news.naver.com/wfootball/news/read?oid=477&aid=0000430301	▲ 두산 블라호비치가 올여름 유벤투스를 떠나게 될까.▲ 두산 블라호비치가 올여름 유벤투스를 떠나게 될까.[스포티비뉴스=이민재 기자] 유벤투스의 두산 블라호비...	"▲ 두산 블라호비치가 올여름 유벤투스를 떠나게 될까.
▲ 두산 블라호비치가 올여름 유벤투스를 떠나게 될까.


[스포티비뉴스=이민재 기자] 유벤투스의 두산 블라호비치(23)가 올여름 이적하게 될까.

영국 매체 '더 선'은 22일(한국시간) ""첼시가 블라호비치 영입을 위해 7000만 파운드(약 1141억 원)를 제시했다""라며 ""첼시는 맨체스터 유나이티드와 경쟁에 직면했다""라고 보도했다.

이어 ""첼시와 맨유는 올여름 최전방 공격수를 노릴 예정이다""라며 ""ESPN에 따르면 첼시가 유벤투스에서 깊은 인상을 남긴 블라호비치를 데려오기 위해 모든 노력을 기울이고 있다""라고 덧붙였다.

또한 ""해리 케인(토트넘)과 연결된 맨유도 블라호비치에 관심이 많다""라고 전했다.

이적 시장 매체 '풋볼 트랜스퍼'는 ""맨유는 블라호비치 영입을 위해 6000만 파운드(약 979억 원)를 제시할 준비가 되었다""라고 밝히기도 했다.

▲ 두산 블라호비치가 올여름 유벤투스를 떠나게 될까.
▲ 두산 블라호비치가 올여름 유벤투스를 떠나게 될까.


블라호비치는 190cm 장신에 볼 컨트롤과 기동력, 그리고 골 결정력까지 갖춘 떠오르는 스트라이커다. 2017-18시즌부터 피오렌티나에서 뛰면서 이름값을 높였다. 2020-21시즌 40경기 동안 21골을 넣은 블라호비치는 2021-22시즌 24경기서 20골로 존재감을 폭발시켰다.

블라호비치는 어린 나이에 훌륭한 골 결정력을 드러냈다. 엘링 홀란드(맨체스터 시티), 킬리안 음바페(파리 생제르맹)와 함께 전 세계 축구를 이끌어갈 차세대 스트라이커로 평가받았다.

그러나 유벤투스 입성 이후 존재감이 줄어들었다. 그는 올 시즌 총 42경기 14골 4도움을 기록 중이다. 팀 내 불화 문제의 주인공이 되기도 했다. 여기에 유벤투스는 재정적인 문제에 시달리고 있다. 결별할 수 있다는 이야기가 나오는 이유다. 그의 계약은 2026년 6월에 끝난다.

젊고 잠재력 넘치는 블라호비치는 여러 구단의 관심을 받고 있다. 영국 매체 '미러'에 따르면 아스널과 바이에른 뮌헨과 레알 마드리드 모두 관심을 드러낸 바 있다. 이 매체는 ""미켈 아르테타 감독은 블라호비치를 높게 평가하고 있다""라며 ""레알 마드리드는 카림 벤제마 이후 시대를 준비하기 위해 블라호비치를 원한다""라고 밝혔다.

▲ 두산 블라호비치가 올여름 유벤투스를 떠나게 될까.

기사제공 스포티비뉴스
이민재 기자(lmj@spotvnews.co.kr)
이민재 기자
구독


구독자
3,609
응원수
1,760
안녕하세요 스포티비뉴스 이민재 기자입니다.
""독약을 삼킨 기분이었는데""…지난해 아픔을 완벽하게 설욕했다
문성곤, 수원 KT 간다…5년간 보수 총액 7억 8천만 원에 계약
Copyright ⓒ 스포티비뉴스. All rights reserved. 무단 전재 및 재배포 금지.
기사 섹션 분류 가이드
손흥민, 이강인, 김민재 활약상 보러가기
▶스포티비뉴스 엔터팀 신입·경력 기자 채용 알림"	https://imgnews.pstatic.net/image/origin/477/2023/05/23/430301.jpg?type=w140	스포티비뉴스	2023.05.23 10:33
뉴캐슬, 20년만에 UCL 진출 확정…레스터, 자력 강등 탈출 불가	https://sports.news.naver.com/wfootball/news/read?oid=382&aid=0001052943	사진=게티이미지코리아.잉글랜드 프로축구 뉴캐슬 유나이티드가 20년 만에 대망의 유럽축구연맹(UEFA) 챔피언스 리그(UCL) 진출권을 확보했다.뉴캐슬은 23...	"사진=게티이미지코리아.

잉글랜드 프로축구 뉴캐슬 유나이티드가 20년 만에 대망의 유럽축구연맹(UEFA) 챔피언스 리그(UCL) 진출권을 확보했다.

뉴캐슬은 23일(한국시각) 안방에서 강등위기에 처한 레스터시티와 무득점 무승부를 기록했다. 승점 70점을 쌓은 뉴캐슬은 마지막 1경기를 남긴 상황에서 프리미어리그 5위 리버풀(승점 66)에 승점 4를 앞서 최소 4위를 확보했다.

에디 하우 감독이 이끄는 뉴캐슬은 이날 78%의 점유율을 기록하며 골대를 3차례 강타하는 우세한 경기를 펼쳤음에도 승점 1을 보태는 데 그쳤다. 하지만 다음 시즌 UCL 복귀에는 충분한 결과였다.

뉴캐슬은 전설적인 감독 바비 롭슨(2009년 사망)이 지도하던 2002~2003 시즌을 마지막으로 유럽 엘리트 클럽 대회에 출전하지 못하다 극적인 반전을 이뤘다.

하우 감독은 부임 첫 시즌에 리그 4위권 진입과 카라바오컵 결승 진출이라는 확실한 성과를 내며 지도력을 입증했다. 18개월 전 사우디아라비아 자본이 3억 5000만 파운드에 인수하면서 재정적으로 풍성해진 뉴캐슬은 알찬 선수영입과 하우 감독의 지도력이 조화를 이뤄 단숨에 기존의 빅6 질서를 무너뜨리며 강자로 올라섰다.

뉴캐슬은 시즌 마지막 경기에서 첼시를 상대한다. 1경기를 덜 치른 4위 맨체스터 유나이티드와의 격차는 승점 1점이다.

반면 갈 길 바쁜 레스터는 강등권 탈출에 실패했다.
마지막 1경기를 남긴 상황에서 17위 에버턴(승점33)에 승점 2점 뒤진 18위에 자리했다. 레스터는 안방으로 웨스트햄을 불러들여 운명의 최종전을 펼친다. 웨스트햄이 유로파 컨퍼런스리그 결승전에 초점을 맞추길 기대하는 상황. 다만 승리하더라도 에버턴이 구디슨 파크에서 본머스를 꺽고 프리미어리그 잔류에 성공하면 챔피언십 강등을 피할 수 없다.

레스터는 지난 15경기에서 단 1승만 거두며 승점 7을 얻는데 그쳤다.

기사제공 스포츠동아
동아닷컴 박해식 기자 pistols@donga.com
박해식 기자
구독


구독자
366
응원수
121
‘가면의 여왕’ 신은정, 죽은 약혼자 父 와 예상치 못한 만남에 당황·불편
‘장사천재’ 백종원, 伊 나폴리서 ‘칼국수’ 판매 개시…김민재 깜짝 방문?
Copyright ⓒ 스포츠동아. All rights reserved. 무단 전재 및 재배포 금지.
기사 섹션 분류 가이드
연예현장 진짜 이야기
2023년 하반기 운세는? 재물운, 애정운...."	https://imgnews.pstatic.net/image/origin/382/2023/05/23/1052943.jpg?type=w140	스포츠동아	2023.05.23 10:32
토트넘, 슬롯 감독 선임 급물살...페예노르트에 줄 보상금만 '97억'	https://sports.news.naver.com/wfootball/news/read?oid=343&aid=0000121869	"(베스트 일레븐)페예노르트를 이끌고 있는 아르네 슬롯 감독이 토트넘 홋스퍼의 차기 감독 후보로 급부상하고 있다. 영국 '스카이스포츠'는 22일(현지시간) ""..."	"(베스트 일레븐)

페예노르트를 이끌고 있는 아르네 슬롯 감독이 토트넘 홋스퍼의 차기 감독 후보로 급부상하고 있다.

영국 '스카이스포츠'는 22일(현지시간) ""토트넘이 슬롯 감독을 차기 사령탑으로 선임하기로 결정했다""라면서 ""슬롯 감독의 에이전트는 페예노르트 구단에 토트넘과 대화하고 싶단 뜻을 밝힌 상태다. 슬롯 감독은 페예노르트와 기존 계약을 해지하는 방법에 대해 논의할 것""이라고 보도했다.

슬롯 감독은 이번 시즌 페예노르트를 네덜란드 에레디비지에 정상에 올려놓았다. 그동안 네덜란드에서만 지도자 생활을 이어왔단 변수가 있지만, 전술 능력과 리더십을 두루 갖췄단 평가를 받고 있다. 네덜란드 현지에서는 슬롯 감독을 '요한 크루이프 이후 가장 공격적인 감독', '부드러운 카리스마를 가진 감독' 등으로 평가하고 있다.

토트넘은 페예노르트가 우승을 확정지은 이후 슬롯 감독을 선임하기로 최종 결심한 것으로 알려졌다. 단, 슬롯 감독을 선임할 경우 보상금 지불이 불가피하다.

슬롯 감독과 페예노르트의 계약기간은 2025년까지다. 페예노르트 입장에선 우승을 달성한 감독을 한 시즌 만에 떠나보내길 원하지 않고 있다. '데일리 메일' 등 다수의 영국 현지 언론은 보상금이 600만 파운드(약 97억 원)에 달할 것으로 내다봤다.

기사제공 베스트일레븐
유지선 기자 jisun22811@soccerbest11.co.kr
유지선 기자
구독


구독자
1,244
응원수
795
TALK
안녕하세요. 베스트일레븐 유지선 기자입니다.
펩, EPL 3연패 달성에도 ""UCL 트로피 없이는 완벽한 성공 아니야""
모우라, 카메라 앞에서 펑펑 울었다...토트넘에 눈물의 '작별 인사'
Copyright ⓒ 베스트일레븐. All rights reserved. 무단 전재 및 재배포 금지.
기사 섹션 분류 가이드
b11 뉴스레터 '수요추꾸' 무료 구독
Youtube Channel 해방촌축구회사"	https://imgnews.pstatic.net/image/origin/343/2023/05/23/121869.jpg?type=w140	베스트일레븐	2023.05.23 10:31
비니시우스 '인종차별' 여파 후폭풍...VAR 심판 해고→레알, 발렌시아도 강경대응 예고	https://sports.news.naver.com/wfootball/news/read?oid=411&aid=0000028784	[포포투=오종헌]비니시우스의 인종차별 논란이 여전히 뜨겁다. 당시 비디오판독(VAR)을 담당했던 심판이 해임됐다. 레알 마드리드는 22일 오전 1시 30분(...	"[포포투=오종헌]

비니시우스의 인종차별 논란이 여전히 뜨겁다. 당시 비디오판독(VAR)을 담당했던 심판이 해임됐다. 

레알 마드리드는 22일 오전 1시 30분(한국시간) 스페인 발렌시아에 위치한 메스타야에서 열린 2022-23시즌 스페인 라리가 35라운드에서 발렌시아에 0-1로 패했다. 승점을 얻지 못한 레알은 3위(승점71)에 위치했다. 

이날 경기 승자는 홈팀 발렌시아였다. 전반 33분 선제골이 터졌다. 클루이베르트의 슈팅이 굴절되면서 로페스에게 흘렀고, 이를 득점으로 연결했다. 라이벌 바르셀로나에 우승을 내준 레알은 최근 5경기 2승 3패라는 부진에 빠지며 아틀레티코에 2위마저 빼앗겼다. 

하지만 결과와 별개로 논란이 발생했다. 후반 27분 비니시우스가 관중석을 가리키며 분노하는 모습이 포착됐다. 이후 후반 추가시간 뤼디거와 무사가 뒤엉키는 과정에서 비니시우스가 신경전을 걸었다. 마마르다슈티빌리 골키퍼와 충돌했고, 양 팀 선수들의 몸싸움으로 번졌다. 



결국 비니시우스는 퇴장을 당했다. 여기서 끝이 아니었다. 비니시우스는 퇴장을 당하면서 손가락으로 '2'를 가리키며 땅으로 내리꽂는 제스처를 취했다. 스페인 현지 매체들은 이를 발렌시아가 2부 리그로 강등 당해야 된다는 조롱의 의미로 해석했다. 비니시우스는 발렌시아 선수들과 재차 몸싸움을 벌였다. 

오랜 시간 끝에 비니시우스가 경기장을 떠나면서 사태는 진정됐다. 그리고 비니시우스가 이렇게 감정을 조절하지 못한 이유가 바로 발렌시아 팬의 인종차별 때문이었다는 주장이 제기됐다. 

비니시우스는 자신의 SNS를 통해 ""인종차별은 한 번도, 두 번도, 3번째도 아니다. 이곳 라리가에서 인종차별은 흔한 일이다""고 분노했다. 카를로 안첼로티 감독도 ""경기장 전체에 '원숭이'라는 단어가 울려퍼지면 경기는 중단되어야 한다. 시즌 내내 문제를 제기했지만 아무 일도 일어나지 않는다""고 아쉬움을 드러냈다. 



여기에 라리가의 하비에르 테바스 회장이 비니시우스를 향해 ""우리는 너에게 인종차별 문제를 해결하기 위해 어떤 일을 할 수 있을지 설명하기 위해 자리를 만들었다. 하지만 당신은 두 차례나 나타나지 않았다. 라리가를 비난하고 모욕하기 전에 지금 어떠한 대처가 있는지 정확히 파악하고 이해해라""고 말해 더욱 불을 지폈다. 

레알은 강경 대응을 예고했다. 레알은 구단 홈페이지를 통해 ""우리는 비니시우스에게 일어난 일을 강력하게 규탄한다. 우리는 이런 것들이 증오 범죄라고 생각하며, 검찰청에 고소장을 제출해 사실을 조사하고 책임을 물을 것이다""라며 공식 발표했다.

발렌시아도 후속 조치를 내놓았다. 발렌시아는 ""우리는 구단 가치에 부합하지 않는 이런 행동을 강력하게 규탄한다. 비니시우스에게 인종차별을 한 팬을 확인했으며, 이에 가담한 다른 사람들의 신원을 확인하기 위해 노력 중이다. 이번 일에 관련된 팬들에게 최대한의 징계를 적용하고, 평생 경기장에서 추방할 것이다""고 밝혔다.

또한 스페인 '마르카'는 23일(한국시간) ""스페인축구연맹은 심판 기술위원회는 최근 비니시우스를 둘러싼 이슈에 대해 큰 결정을 내렸다. 당시 VAR 심판이었던 이글레시아스 빌라누에바를 포함해 총 6명이 해고됐다. VAR 심판이 경기 이미지를 왜곡한 건 이번이 처음이 아니다""고 전했다. 



사진=레알, 발렌시아 홈페이지

기사제공 포포투
오종헌 기자 ojong123@fourfourtwo.co.kr
오종헌 기자
구독


구독자
127
응원수
127
안녕하세요, 포포투 오종헌 기자입니다!
'유로파의 왕' 세비야, 유베 꺾고 7번째 우승 목표...결승 승률 '100%' 무리뉴와 맞대결
'맨유 혼자가 아니네?' 김민재 원하는 '석유 재벌' 팀들...뉴캐슬 이어 PSG 등장→이미 단장 접촉
Copyright ⓒ 포포투. All rights reserved. 무단 전재 및 재배포 금지.
기사 섹션 분류 가이드
포포투 FourFourTwo 잡지 정기 구독하기"	https://imgnews.pstatic.net/image/origin/411/2023/05/23/28784.jpg?type=w140	포포투	2023.05.23 10:23
나폴리, 스팔레티 차기 감독 결정...'돌풍' 아탈란타의 가스페리니	https://sports.news.naver.com/wfootball/news/read?oid=413&aid=0000160121	"나폴리가 잔 피에로 가스페리니 감독을 낙점했다.이탈리아 '라이 스포츠'의 이적시장 전문가 치로 베네라토 기자는 22일(이하 한국시간) ""아우렐리오 레 라우렌..."	"나폴리가 잔 피에로 가스페리니 감독을 낙점했다.

이탈리아 '라이 스포츠'의 이적시장 전문가 치로 베네라토 기자는 22일(이하 한국시간) ""아우렐리오 레 라우렌티스 나폴리 회장이 가스페리니를 새 감독으로 선택한 것 같다""라고 말했다.

이어 ""연봉 400만 유로(약 56억 원)에 2년 계약을 제공할 것이다""라며 계약 세부 조건도 공개했다.

스팔레티 감독은 삼프도리아, AS로마, 인터밀란 등을 지휘하다가 2021년에 나폴리로 합류했다. 첫해부터 뛰어난 성적을 거뒀다. 최소 실점을 기록하며 안정적인 수비를 보여줬고 리그 3위에 올려놓으며 유럽축구연맹(UEFA) 챔피언스리그(UCL) 티켓을 거머쥐었다.

올 시즌을 앞두고 불안감이 컸다. 칼리두 쿨리발리, 파비안 루이스, 로렌초 인시녜 등 주축 자원이 한꺼번에 팀을 떠나 걱정이 많았다. 하지만 김민재, 흐비차 크바라츠헬리아 등을 영입하며 공백을 확실하게 메웠다. 초반부터 승승장구하던 나폴리는 결국 33경기 만에 스쿠데토(이탈리아 세리에A 우승)을 거머쥐었다. 스팔레티 감독의 공격적인 축구가 결실을 보았다.



스팔레티 감독은 2022-23시즌을 끝으로 나폴리를 떠날 예정이다. 지난 20일, 라우렌티스 나폴리 회장은 이탈리아 '스카이 스포츠'와의 인터뷰에서 ""스팔레티 감독은 챔피언이다. 최선을 다해 자신을 표현할 수 있는 분야를 찾아야 했고, 이곳에서 그것을 찾았다. 그가 앞으로 더 많은 능력을 표현할 수 있길 바란다. 인생에 자유는 헤아릴 수 없는 귀중한 자신이다. 야망을 제한해서는 안 된다""고 말했다.

이어 ""의심의 여지가 없다. 인생에서 자유는 헤아릴 수 없는 귀중한 자산이다. 다른 사람들이 날 조종할 수 없는 것처럼 나도 조종해서는 안 된다. 우리는 누구의 날개도 자르지 말아야 한다. 누구의 야망을 제한해서는 안 된다""라며 떠날 것을 암시했다.

스팔레티 감독도 직접 이 문제에 대해 입을 열었다. 그는 인터밀란과의 맞대결 이후 기자회견에서 ""문제는 결정되었고 마음을 바꾸지 않을 것이다. 오랫동안 이야기된 상황이다. 하늘에서 갑자기 떨어진 것이 아니다""라고 알렸다.

베네라토 기자에 따르면 라우렌티스 나폴리 회장은 차기 감독을 내정한 듯하다. 현재 아탈란타를 지휘하고 있는 가스페리니 감독이다. 가스페리니 감독은 지난 2016년부터 아탈란타에 합류했고 놀라운 공격 축구로 팀을 상위권에 안착시켰다. 특히 세리에A에서 2019-20시즌 98득점, 2020-21시즌 90득점으로 놀라움을 자아냈다.

올 시즌에는 UCL 티켓을 위한 경쟁에 임하고 있다. 36라운드 기준, 18승 7무 11패(승점 61)로 5위에 올라있다. 4위 AC밀란(승점 64)과 3점 차다.

기사제공 인터풋볼
박지원 기자 popog1@interfootball.co.kr
박지원 기자
구독


구독자
3,206
응원수
2,936
TALK
안녕하세요, 그라운드를 지원하겠습니다.
'토트넘서 방출' 오리에, 아스널 우승 좌절 안기고 '응~ 안 돼~'
시들시들했던 이강인 빌라행, 다시 점화...""영입 관심 유지""
Copyright ⓒ 인터풋볼. All rights reserved. 무단 전재 및 재배포 금지.
기사 섹션 분류 가이드
포포투 FourFourTwo 잡지 정기 구독하기"	https://imgnews.pstatic.net/image/origin/413/2023/05/23/160121.jpg?type=w140	인터풋볼	2023.05.23 10:21
똑같은 ‘3년’ 계약으로 바르사에 맞불…귄도간, 맨시티 잔류 급물살	https://sports.news.naver.com/wfootball/news/read?oid=139&aid=0002183723	[스포탈코리아] 김민철 기자= 맨체스터 시티(맨시티)가 일카이 귄도간과의 재계약을 위해 이례적인 조건을 준비했다.스페인 매체 ‘문도 데포르티보’는 22일(한...	"[스포탈코리아] 김민철 기자= 맨체스터 시티(맨시티)가 일카이 귄도간과의 재계약을 위해 이례적인 조건을 준비했다.

스페인 매체 ‘문도 데포르티보’는 22일(한국시간) “맨시티는 귄도간과의 재계약을 위해 1년 단기 계약이 아닌 3년 계약을 새롭게 제안했다”라고 보도했다.

귄도간은 올여름 맨시티를 떠날 것으로 점쳐졌다. 오는 6월 계약 만료를 앞두고 있음에도 불구하고 이견을 좁히지 못한 채 합의에 난항을 겪었다.

유력한 차기 행선지로는 바르셀로나가 거론됐다. 바르셀로나는 장기 계약을 선호하는 귄도간을 위해 3년 계약을 준비한 것으로 알려졌다.





맨시티는 재계약을 포기하지 않았다. 펩 과르디올라 감독은 인터뷰를 통해 “나는 다음 시즌에도 귄도간과 함께 일하고 싶다”라며 재계약 의지를 드러내기도 했다.

구단도 결국 귄도간이 원하는 3년 계약을 제안했다. ‘문도 데포르티보’는 “맨시티가 귄도간의 요구에 응했다. 이번 제안은 귄도간이 결코 거절할 수 없을 것이다”라며 재계약에 무게를 실었다.

맨시티 잔류 가능성은 매우 높아졌다. 계약 기간은 물론 높은 연봉까지 보장해 줄 수 있는 맨시티가 바르셀로나를 손쉽게 따돌릴 수 있을 것으로 예상된다.

사진=게티이미지코리아

취재문의 sportal@sportalkorea.co.kr
기사제공 스포탈코리아
김민철 konga07@sportalkorea.com
김민철 기자
구독


구독자
436
응원수
511
유행이 아닌 유형이 되겠습니다.
PSG가 진짜? 메시 대체자로 알렉시스 산체스 원한다
황희찬 시즌 4호골 작렬…울버햄튼, 에버턴과 1-1 무승부
Copyright ⓒ 스포탈코리아. All rights reserved. 무단 전재 및 재배포 금지.
기사 섹션 분류 가이드"	https://imgnews.pstatic.net/image/origin/139/2023/05/23/2183723.jpg?type=w140	스포탈코리아	2023.05.23 10:16
'신흥 오일머니' 뉴캐슬, 최소 4위 확보...20년 만에 UCL 진출	https://sports.news.naver.com/wfootball/news/read?oid=445&aid=0000115078	(MHN스포츠 금윤호 기자) 맨체스터 시티를 뛰어넘는 '오일머니' 구단으로 급부상 중인 뉴캐슬 유나이티드가 20년 만에 유럽축구연맹(UEFA) 챔피언스리그(...	"(MHN스포츠 금윤호 기자) 맨체스터 시티를 뛰어넘는 '오일머니' 구단으로 급부상 중인 뉴캐슬 유나이티드가 20년 만에 유럽축구연맹(UEFA) 챔피언스리그(UCL) 진출을 확정했다.

뉴캐슬은 23일(한국시간) 영국 세인트 제임스 파크에서 열린 2022-2023 잉글랜드 프리미어리그 37라운드에서 레스터 시티와 0-0으로 비겼다. 이날 무승부로 뉴캐슬(승점 70)은 리그 3위에 올랐다.

승점 1점을 추가한 뉴캐슬은 남은 한 경기 결과에 상관없이 5위 리버풀(승점 66)을 따돌리고 최소 4위를 확정했다. 이에 따라 1위부터 4위까지 주어지는 챔피언스리그 출전권을 획득해 2002-2003시즌 이후 21년 만에 챔피언스리그 무대를 밟게 됐다.

뉴캐슬은 지난 2021년 사우디아라비아 국부펀드에 인수된 이후 과감한 투자 속에 에디 하우 감독이 리더십까지 발휘하면서 10위권을 전전하던 순위는 단숨에 상위권으로 뛰어올랐다.

올 시즌 1억 8,500만 유로(약 2,630억 원)를 투자한 뉴캐슬은 챔피언스리그 진출을 확정하게 되면서 정상급 선수 영입 등 팬들을 놀라게 할 소식이 쇄도할 것으로 예상된다.

기사제공 MHN스포츠
금윤호 기자 goldyh@mhnew.com
금윤호 기자
구독


구독자
1,402
응원수
646
아스널, 노팅엄에 덜미...맨시티 리그 3연패 확정
맨시티, 디펜딩 챔피언 레알 마드리드 대파...인터밀란과 결승서 격돌
Copyright ⓒ MHN스포츠. All rights reserved. 무단 전재 및 재배포 금지.
기사 섹션 분류 가이드
다양한 장르''MHN스포츠''네이버 포스트에서
#스포츠 #패션 #뷰티 #엔터 거긴 어디? MHN스포츠"	https://imgnews.pstatic.net/image/origin/445/2023/05/23/115078.jpg?type=w140	MHN스포츠	2023.05.23 10:16
"라리가 회장, 또 비니시우스 저격...""인종차별은 극히 드물다, 부당한 비난"""	https://sports.news.naver.com/wfootball/news/read?oid=109&aid=0004855805	"[사진] ⓒGettyimages(무단전재 및 재배포 금지) [사진] ⓒGettyimages(무단전재 및 재배포 금지)[OSEN=고성환 기자] ""비니시우스의 ..."	"[사진] ⓒGettyimages(무단전재 및 재배포 금지)


[사진] ⓒGettyimages(무단전재 및 재배포 금지)


[OSEN=고성환 기자] ""비니시우스의 주장은 부당하다. 라리가에서 인종차별은 극히 드문 일이다.""

하비에르 테바스(63) 라리가 회장이 또 비니시우스 주니오르(23, 레알 마드리드)를 비판했다.

비니시우스는 22일(이하 한국시간) 스페인 발렌시아의 에스타디오 데 메스타야에서 열린 발렌시아와 스페인 프리메라리가 35라운드 경기 도중 발렌시아 팬들에게 인종차별을 당했다.

비니시우스는 경기 시작 전부터 '원숭이'라는 모욕을 들었다. 몇몇 팬들은 그를 향해 원숭이 울음소리를 내기까지 했다. 경기 중에도 발렌시아 팬들은 인종차별 발언을 뱉은 것으로 알려졌다.

경기 후 비니시우스는 인종차별과 맞서 싸우겠다고 선포했다. 그는 소셜 미디어를 통해 ""처음도 아니고, 두 번째도 아니고, 세 번째도 아니다. 라리가에서 인종차별은 정상적인 행위다. 경쟁자들은 그것이 정상이라 생각하며 연맹도 마찬가지다""라며 ""한때 호나우지뉴, 호나우두, 크리스티아누 호날두, 리오넬 메시가 뛰던 이 리그는 이제 인종차별자들의 것일 뿐""이라고 목소리 높였다.

[사진] ⓒGettyimages(무단전재 및 재배포 금지)


또한 비니시우스는 ""스페인 사람들에겐 미안하지만, 오늘날 브라질에서 스페인은 인종차별자들의 나라로 알려져 있다. 불행하게도 나는 매주 일어나는 이 일에 스스로 방어할 방법이 없다. 하지만 난 강하고, 인종차별주의자들과 맞서 싸울 것""이라고 비판했다.

인판티노 국제축구연맹(FIFA) 회장도 비니시우스를 지지했다. 그는 ""비니시우스에게 전적인 연대와 지지를 표한다. 축구나 사회에서 인종차별이 설 자리는 없다. 우리는 이처럼 인종차별을 겪은 모든 선수를 지지하고 돕겠다""라고 밝혔다.

레알 마드리드 구단과 카를로 안첼로티 감독 역시 라리가에 문제 해결을 요구했다. 룰라 브라질 대통령도 ""비니시우스가 그가 가는 경기장마다 모욕을 당하는 것은 불공평하다""라며 FIFA와 라리가, 여러 축구 단체에 인종차별을 몰아낼 수 있도록 조치를 취해달라고 요구했다. 

[사진] 하비에르 테바스 회장 ⓒGettyimages(무단전재 및 재배포 금지)


하지만 테바스 회장은 오히려 발끈하고 나섰다. 그는 비니시우스의 입장문을 공유하며 ""스페인도 라리가도 인종차별주의자가 아니다. 이렇게 말하는 건 부당하다. 라리가는 소관 내에서 할 수 있는 가장 강력한 방법으로 인종차별을 보고하고 추적한다""라고 반박했다.

이어 그는 ""우리는 올 시즌 인종차별적 모욕 사례를 9건 보고했고, 그중 8건은 비니시우스가 대상이었다. 우리는 항상 책임자들을 확인하고, 그들을 처벌할 수 있는 관련 기간에 넘긴다. 그들이 아무리 적더라도 우리의 노력은 가차 없다""라며 ""매주 42개 팀에서 200명이 넘은 흑인 선수들이 팬들의 존경과 사랑으로 환영받는다. 지역사회 통합의 상징인 라리가의 명성이 더럽혀지는 것을 용납할 수 없다. 인종차별 사례는 극히 드문 일이며 우리가 모두 없애기 위해 전념하고 있다""라며 불편한 심기를 드러냈다.

테바스 회장은 지난 22일에도 비니시우스를 비판했다. 그는 비니시우스를 향해 ""당신은 스스로 요청한 두 번의 날짜에 참석하지 않았다. 라리가를 비판하고 모욕하기 전에 당신 스스로 제대로 알아야 한다. 자신을 조종하지 말고 각자의 능력과 우리가 함께 해온 일들을 완전히 이해해라""라고 항의한 바 있다. 

[사진] ⓒGettyimages(무단전재 및 재배포 금지)


이해하기 힘든 반응이다. 라리가의 노력 여부를 떠나서 현재 스페인 축구계에 인종차별이 만연하다는 사실은 부정할 수 없다. 비니시우스가 공개한 영상만 보더라도 수많은 팬들이 ""원숭이""라고 떼창하는 몰지각한 모습을 확인할 수 있다. 아틀레티코 마드리드, 레알 바야돌리드, 마요르카, 바르셀로나, 발렌시아 등 한 팀만의 일도 아니다.

가장 중요한 것은 여전히 비니시우스는 인종차별에 노출돼 있고, 이러한 행태를 고치는 것이 급선무라는 점이다. 비니시우스의 말꼬리를 잡으며 그에게 화살을 돌릴 때가 아니다.

팬들 역시 테바스 회장을 거세게 비판하고 있다. 현재 그의 반박문에는 ""당신도 인종차별주의자다"", ""말도 안 되는 소리다"", ""회장이라는 사람이 이런 이야기를 하다니 부끄럽다"", ""흑인 선수들이 매주 팬들의 존경과 사랑으로 환영받는다고? 당신도 거짓말인 걸 알 것이다"" 등의 댓글이 달리고 있다.

/finekosh@osen.co.kr

기사제공 OSEN
고성환 (finekosh@osen.co.kr)
고성환 기자
구독


구독자
1,331
응원수
454
울버햄튼 에이스, 황희찬 곁 떠난다...""어려운 결정이지만 UCL 뛸래""
'김준일 모비스행' KBL FA, 47명 중 29명 계약 완료...자율협상 마감
Copyright ⓒ OSEN. All rights reserved. 무단 전재 및 재배포 금지.
기사 섹션 분류 가이드
블핑도 나온다 'OSEN 연예'
류현진을 직캠으로? 'OSEN' TV"	https://imgnews.pstatic.net/image/origin/109/2023/05/23/4855805.jpg?type=w140	OSEN	2023.05.23 10:13
"슬롯, 'SON 새 감독' 준비 끝... ""토트넘, 위약금 100억도 내준다"""	https://sports.news.naver.com/wfootball/news/read?oid=108&aid=0003154357	[스타뉴스 | 박재호 기자] 페예노르트의 아르네 슬롯 감독. /AFPBBNews=뉴스1아르네 슬롯 감독이 경기 중 지시를 내리고 있다. /AFPBBNews=...	"[스타뉴스 | 박재호 기자]
페예노르트의 아르네 슬롯 감독. /AFPBBNews=뉴스1
아르네 슬롯 감독이 경기 중 지시를 내리고 있다. /AFPBBNews=뉴스1
다음 시즌 손흥민(30)과 함께 호흡할 감독으로 아르네 슬롯(44·페예노르트)이 유력하게 거론되고 있다. 슬롯 감독이 페예노르트 선수 1명, 코치 2명과 함께 토트넘으로 향한다는 소식도 전해졌다.

토트넘은 최근 페예노르트를 리그 우승으로 이끈 슬롯 감독과 깊게 연결되고 있다. 영국 '스카이 스포츠'는 22일(한국시간) ""토트넘은 차기 감독으로 슬롯 감독을 선택했다""며 ""슬롯의 에이전트인 라파엘라 피멘타는 토트넘과 협상하고 싶다는 뜻을 페예노르트에 전달했다. 이번 주에 토트넘과 만나 본격 협상을 시작할 예정""이라고 보도했다.

영국 '디 애슬레틱UK'도 ""토트넘이 슬롯을 데려오기 위해 공식적으로 접근할 준비 중이다""며 ""로베르토 데 제르비, 루이스 엔리케 감독보다 영입전 선두에 놓였다""고 전했다.

페예노르트의 아르네 슬롯 감독. /AFPBBNews=뉴스1
아르네 슬롯 감독이 경기 중 지시를 내리고 있다. /AFPBBNews=뉴스1
슬롯 감독은 지도자 경력이 약 4년밖에 안 되지만 뛰어난 성적으로 유럽 축구계의 주목을 받고 있다. 2019년 알크마르에서 지도자 생활을 시작해 부임 첫 시즌부터 아약스와 우승 경쟁을 펼치며 리그 2위로 이끌었다. 이후 2020년 12월 네덜란드 명문 페예노르트 감독으로 부임했다. 2021~2022시즌 유럽축구연맹(UEFA) 유로파 컨퍼런스리그(UECL) 결승까지 올라 조세 무리뉴 감독이 이끄는 AS로마에 아쉽게 패했다. 부임 첫 시즌 만에 유럽대항전 준우승이라는 쾌거를 이뤘다. 이번 시즌에는 경쟁자인 아약스, 아인트호벤보다 열악한 재정에도 팀 리빌딩에 힘쓰며 6년 만의 리그 우승을 이끌었다. 슬롯 감독이 '제2의 에릭 텐 하흐(맨유)'로 불리는 이유다.

토트넘이 슬롯 감독에게 눈길을 돌린 이유는 뛰어난 '팀 리빌딩' 능력 때문인 것으로 보인다. 알크마르와 페예노르트 시절, 열악한 재정에도 신예와 기존 선수들을 활용해 리빌딩에 성공했다. 토트넘은 현재 잉글리시 프리미어리그(EPL)에서 8위로 처져 있어 다음 시즌 분위기 쇄신이 필요한 상황이다.

위약금 문제도 토트넘이 해결할 전망이다. 슬롯 감독이 페예노르트를 떠날 경우 600만 파운드(약 100억원)의 위약금이 발생하는데 '급한' 토트넘에 큰 문제가 되지 않는다.

페예노르트의 아르네 슬롯 감독. /AFPBBNews=뉴스1
아르네 슬롯 감독이 우승 트로피에 입을 맞추고 있다. /AFPBBNews=뉴스1
슬롯 감독이 코치 2명과 함께 토트넘으로 향할 것이라는 소식도 전해졌다. 영국 매체 '더부트룸'은 22일 ""슬롯 감독은 마리노 푸시치와 십케 홀소프 코치와 함께 떠날 계획""이라고 전했다. 더불어 페예노르트 선수도 토트넘으로 데려갈 예정이다. 매체는 구체적으로 이름을 언급하지 않았지만 '미드필더 중 한 명'이라고 밝혔다.

앞서 슬롯 감독은 EPL 진출 희망을 공식석상에서 직접적으로 언급해 토트넘 이적설이 더욱 불거졌다. 지난 20일 리그 33라운드 FC에먼전을 앞두고 열린 기자회견에서 ""모든 감독은 야망이 있다. 내가 2년 전 알크마르에서 페예노르트로 왔을 때도 그랬다""며 ""나의 다음 단계는 네덜란드의 다른 팀으로 가는 것은 아닐 것이다. 이런 경우 감독들은 해외로 향한다""고 말했다. 이어 ""나는 항상 세계 최고의 리그가 EPL이라고 말해왔다. EPL이 세계에서 가장 큰 무대인 것은 분명하다""고 전했다. 기자회견을 마치고 일어서며 슬롯 감독은 ""런던에서 보자""고 웃으며 농담했다.

이를 두고 영국 '풋볼 런던'은 ""슬롯 감독이 다니엘 레비 토트넘 회장에게 명확한 메시지를 전달했다""고 해석했다. 이어 ""토트넘과 밀접하게 연결된 슬롯 감독이 네덜란드를 떠날 것을 암시했다""고 전했다.

토트넘 감독 부임이 유력한 가운데 손흥민(30)과 호흡도 관심을 모은다. 슬롯 감독이 4-3-3과 4-2-3-1 포메이션을 활용해 공격적인 축구를 추구하는 만큼 현재 토트넘의 주력 공격수이자 윙어인 손흥민이 적극 중용될 것으로 보인다.

토트넘 공격수 손흥민. /AFPBBNews=뉴스1
손흥민이 경기 중 공을 몰고 질주하고 있다. /AFPBBNews=뉴스1
기사제공 스타뉴스
박재호 기자 (pjhwak@mtstarnews.com)
박재호 기자
구독


구독자
82
응원수
33
겉과 속을 다 보겠습니다.
'조나탄 장군-윌리안 멍군' 서울-제주, 치열했던 2위 싸움 1-1 무승부 [현장 리뷰]
펩, 손가락 '5개' 펴며 웃음꽃... 맨시티 훈련장서 우승 '흥' 파티→'위 아 더 챔피언' 떼창
Copyright ⓒ 스타뉴스. All rights reserved. 무단 전재 및 재배포 금지.
기사 섹션 분류 가이드
스타뉴스 TV
스타뉴스 핫이슈"	https://imgnews.pstatic.net/image/origin/108/2023/05/23/3154357.jpg?type=w140	스타뉴스	2023.05.23 10:09
"비니시우스 ""축구가 아닌 비인간적 행위"" 호소…테바스 회장은 반박"	https://sports.news.naver.com/wfootball/news/read?oid=241&aid=0003277416	22일 메스타야에서 열린 2022~23 라리가 35라운드 발렌시아와 레알 마드리드의 경기. 후반전 중 비니시우스가 관중들과 설전을 벌이고 있다. 게티이미지하...	"22일 메스타야에서 열린 2022~23 라리가 35라운드 발렌시아와 레알 마드리드의 경기. 후반전 중 비니시우스가 관중들과 설전을 벌이고 있다. 게티이미지
하비에르 테바스 라리가 회장. 게티이미지
테바스 회장은 23일 SNS에 게시글을 올리며 '인종차별' 논란과 관련해 입을 열었다. 테바스 SNS


하비에르 테바스 라리가 회장이 ‘인종차별’ 논란에 입을 열었다. 그는 “스페인도, 라리가도 인종차별주의자가 아니다”라며 비니시우스 주니어의 주장을 반박했다.

테바스 회장은 23일(한국시간) 소셜미디어(SNS)를 통해 최근 논란이 된 라리가의 인종차별에 대해 입을 열었다. 먼저 “스페인과 라리가를 인종차별주의자라 말하는 건 불공평한 일”이라고 운을 뗐다.

이어 테바스 회장은 “라리가는 인종차별에 대해 가장 강한 방법으로 대처하고 있다”며 “올 시즌 9건의 인종차별 사례를 신고했다. 그 수가 적든 많든, 처벌 권한이 있는 관련 기관에 가해자를 찾아내고자 했다”고 설명했다. 그는 9건 중 8번은 비니시우스가 피해자였다고 덧붙였다.

끝으로 테바스 회장은 “우리는 42개 구단 200여 명의 흑인 선수들이 매주 팬들의 존경과 사랑을 받는 모욕 받는 걸 허락하지 않는다”며 “인종차별 사례는 드물게 발생하며, 완전히 없애기 위해 최선을 다하고 있다”고 덧붙였다.

사건의 발단은 지난 22일 메스타야에서 열린 2022~23 라리가 35라운드 발렌시아와 레알 마드리드의 경기였다. 후반전 중 비니시우스가 발렌시아 팬들과 설전을 벌였다. 현지 매체 ‘마르카’에 따르면 “비니시우스는 발렌시아 팬의 원숭이 흉내에 분노했다”고 전했다. 상황은 과열됐고, 팬들은 비니시우스를 향해 라이터를 던지는 등 소동이 일었다. 경기장 안에선 ‘비니시우스 죽어라’ ‘원숭이’등 외침이 들렸다. 

23일 비니시우스가 게시한 피해 사례가 담긴 영상. 영상 속 관중들은 그를 향해 원숭이 흉내를 내고, 이물질을 투척하는 등 폭력적인 행위를 일삼았다. 비니시우스 SNS

경기가 끝나자 비니시우스는 SNS를 통해 “이것이 첫 번째, 두 번째, 세 번째도 아니었다. 라리가에서는 인종차별이 일상이다”라며 “브라질에서는 스페인이 인종차별적인 나라로 여겨진다”고 주장했다. 그는 끝으로 “긴 여정이 되겠지만, 끝까지 맞서 싸우겠다”고 덧붙였다.

한편 비니시우스는 23일 추가적인 게시글을 올렸는데, 여기엔 그가 최근 스페인 관중들로부터 받은 모욕적 언행이 담겨있다. 그를 향한 ‘원숭이 흉내’ ‘이물질 투척’ ‘욕설’ 등 다양한 사례를 확인할 수 있었다. 그는 “TV는 왜 이 야만적인 행위를 보도하지 않는가? 이건 축구가 아니라 비인간적인 행위다”라고 호소했다.

김우중 기자
기사제공 일간스포츠
김우중(ujkim50@edaily.co.kr)
김우중 기자
구독


구독자
346
응원수
36
안녕하세요 김우중 기자입니다
황소의 질주 빛났지만 종료 직전 통한의 실점…울버햄프턴 1-1 무승부, 황희찬 리그 3호 골
치명적인 PK 헌납에도…팬·감독은 진심 담긴 위로 [IS 수원]
Copyright ⓒ 일간스포츠. All rights reserved. 무단 전재 및 재배포 금지.
기사 섹션 분류 가이드
일간스포츠 최신 뉴스를 확인하세요
스포츠·연예 최신 이슈를 확인하세요"	https://imgnews.pstatic.net/image/origin/241/2023/05/23/3277416.jpg?type=w140	일간스포츠	2023.05.23 10:05
U-20 월드컵 센터백 김지수, 나폴리도 주목한다	https://sports.news.naver.com/wfootball/news/read?oid=410&aid=0000939392	이탈리아 세리에A(1부리그) 나폴리가 김지수(19·성남FC)를 눈여겨보고 있다. 김지수는 2023 국제축구연맹(FIFA) U-20 월드컵 본선에서 주전 중앙...	"이탈리아 세리에A(1부리그) 나폴리가 김지수(19·성남FC)를 눈여겨보고 있다. 김지수는 2023 국제축구연맹(FIFA) U-20 월드컵 본선에서 주전 중앙수비수로 활약 중이다.

이탈리아 축구매체 ‘나폴리 칼초 라이브’는 “김지수는 (여름 이적시장을 통해) 브렌트포드(잉글랜드)로 향할 것 같지만, 영입 시도를 배제할 수 없다”며 팀 내부 분위기를 보도했다.

유럽축구연맹(UEFA) 리그랭킹은 잉글랜드 1위, 이탈리아 4위다. 그러나 창단 133년 동안 유럽클럽대항전 참가 경험이 없는 브렌트포드와 달리 나폴리는 유럽클럽랭킹 19위에 빛난다.

김지수 2023 FIFA U-20 월드컵 국가대표 프로필. 사진=대한축구협회
김지수는 ▲지난 1월 바이에른 뮌헨(독일)에 이어 5월부터 ▲스포르팅(포르투갈) ▲브렌트포드 이적설이 나왔다. 뮌헨은 유럽클럽랭킹 2위, 스포르팅은 33위로 평가되는 명문이다.

‘나폴리 칼초 라이브’는 “구단 관계자들 사이에서 아시아 축구 비중이 높아지고 있다”며 브렌트포드가 앞서 있는 경쟁 구도를 신경 쓰지 않고 계약을 추진할 가능성을 제기했다.

‘괴물 수비수’ 김민재(27)가 입단과 함께 성공한 것이 나폴리가 아시아, 그중에서도 한국을 주목하게 된 이유다. 2022-23 세리에A 34경기 평균 87.5분 출전으로 중용되며 나폴리가 33년 만에 정상을 되찾는 데 크게 공헌했다.

지난해 여름 김민재는 유럽리그랭킹 12위 튀르키예 역대 수비수 최고 이적료 1805만 유로(약 256억 원)를 페네르바체에 안겨주고 나폴리와 2024-25시즌까지 계약했다. 2022년 9월 이탈리아축구연맹, 10월에는 이탈리아프로축구선수협회가 선정한 월간 MVP를 잇달아 수상했다.

나폴리는 창단 96년 만에 처음으로 UEFA 챔피언스리그 8강에 진출하며 유럽랭킹이 6계단 올랐다. 김민재는 세계 최고 클럽대항전에서 데뷔 7연속 풀타임 및 9경기 선발 출전 센터백으로 가치를 높였다.

‘나폴리 칼초 라이브’는 “김지수는 젊고 (비슷한 실력의 유럽 선수보다) 저렴한 이적료로 데려올 수 있다. (신장 192㎝를 비롯한) 신체조건도 좋다. 무엇보다 김민재 후임이 절실히 필요하다”고 분석했다.

이탈리아 3대 스포츠신문 중 하나인 ‘코리에레 델로스포르트’에 따르면 김민재와 나폴리의 계약에는 2023년 7월 1일부터 2주 동안 외국 구단에만 적용되는 5000만~8000만 유로(708억~1133억 원) 규모의 바이아웃이 있다.

바이아웃 조항은 ‘올해 7월 14일까지 5000만~8000만 유로를 나폴리에 제안하는, 이탈리아를 제외한 나머지 국가를 근거지로 하는 팀은 김민재와 우선 협상권을 획득한다’는 내용이다.

‘나폴리 칼초 라이브’는 “맨체스터 유나이티드, 뉴캐슬 등 잉글랜드 프리미어리그(EPL) 팀들은 바이아웃 조항을 기꺼이 발동할 생각이다. 또 다른 한국인 수비수가 (떠나는) 김민재의 뒤를 이을 수 있다”고 내다봤다.

한국은 23일(한국시간) 2023 U-20 월드컵 F조 1차전에서 우승 후보 프랑스를 2-1로 꺾는 이변을 연출했다. 김지수는 센터백으로 풀타임을 뛰며 승리를 뒷받침했다.

나폴리뿐 아니라 또 다른 강팀이 U-20 월드컵을 계기로 김지수에게 관심을 보여도 이상하지 않다. 한국프로축구 K리그2 성남 역시 선수가 원하면 유럽 진출을 막지 않을 것으로 알려졌다.

기사제공 MK스포츠
강대호 MK스포츠 기자(dogma01@maekyung.com)
강대호 기자
구독


구독자
2,496
응원수
3,452
세계바둑 3·8위 박정환-변상일 개인전 출전권 대결 [아시안게임]
최강희 산둥 감독 부임…중국축구 4번째 팀 맡아
Copyright ⓒ MK스포츠 . All rights reserved. 무단 전재 및 재배포 금지.
기사 섹션 분류 가이드"	https://imgnews.pstatic.net/image/origin/410/2023/05/23/939392.jpg?type=w140	MK스포츠	2023.05.23 10:02
SON, 마침내 지긋지긋한 '3백' 탈출...슬롯 부임→4-3-3 변화→공격 축구 기대	https://sports.news.naver.com/wfootball/news/read?oid=117&aid=0003732220	[마이데일리 = 최병진 기자] 토트넘이 드디어 3백에서 탈출한다.토트넘은 최악의 한 해를 보냈다. 안토니오 콘테 감독과 크리스티안 스텔리니 코치가 차례로 팀...	"[마이데일리 = 최병진 기자] 토트넘이 드디어 3백에서 탈출한다.

토트넘은 최악의 한 해를 보냈다. 안토니오 콘테 감독과 크리스티안 스텔리니 코치가 차례로 팀을 떠나면서 라이언 메이슨 코치가 대행의 대행 체제를 구성했다. 어느새 순위도 8위까지 떨어졌고 다음 시즌 유럽대항전 출전도 사실상 힘들어졌다.

토트넘은 다음 시즌부터 새롭게 팀을 이끌 감독을 찾고 있다. 여러 후보 끝에 페예노르트의 우승을 이끈 아르네 슬롯 감독이 유력해졌다. 다수의 영국 매체는 토트넘이 슬롯 감독과 이야기를 나누고 있으며 계약이 체결될 것이라고 보도했다.

슬롯 감독은 2019년 AZ 알크마르에서 처음으로 감독직을 맡았다. 슬롯 감독은 압박과 후방 빌드업을 추구하며 알크마르를 상위권으로 이끌었다. 2019-20시즌에 리그 우승 기회가 있었지만 코로나19로 조기 종료되면서 찬스를 놓쳤다. 이후 2020년에는 딕 아드보카트 감독의 뒤를 이어 페예노르트를 이끌었고 이번 시즌 챔피언에 등극했다.



영국 ‘풋볼 인사이더’는 슬롯 감독 부임 후 가장 큰 변화로 포메이션을 예상했다. 매체는 22일(한국시간) “슬롯 감독은 4-3-3을 고정적으로 사용했다. 토트넘의 3백도 4백으로 전환될 것”이라고 전했다.

토트넘은 최근 몇 시즌 동안 3백을 바탕으로 경기를 펼쳤다. 주제 무리뉴 감독, 누누 에스피리투 산투 감독, 콘테 감독 모두 3백을 사용했다. 경기 주도권을 잡는 것보다 수비를 안정적으로 펼친 후 해리 케인과 손흥민을 활용한 역습으로 득점을 노렸다.

하지만 올시즌은 수비와 공격 모두 무너지면서 답답한 경기력을 반복했다. 특히 손흥민과 이반 페리시치의 동선은 시즌 내내 문제점으로 지적됐다. 슬롯 감독이 페예노르트에서 4백을 기반으로 4-3-3 포메이션을 주로 활용한 만큼 토트넘에서도 유사한 전술을 활용할 것으로 보인다.



[손흥민·아르네 슬롯 감독. 사진 = 게티이미지코리아]

(최병진 기자 cbj0929@mydaily.co.kr)

기사제공 마이데일리
최병진 기자 cbj0929@mydaily.co.kr
최병진 기자
구독


구독자
1,349
응원수
338
스포츠에 담긴 가치와 인생을 전하겠습니다.
'스트라이커 영입전' 맨유vs첼시 붙었다...이적료 최소 1,100억
우승 원하는 맨유 결단 내렸다...'고생했다, 이제 번리로 돌아가라'
Copyright ⓒ 마이데일리. All rights reserved. 무단 전재 및 재배포 금지.
기사 섹션 분류 가이드
▲ 마이데일리 연예부 신입 및 경력기자 채용 알림"	https://imgnews.pstatic.net/image/origin/117/2023/05/23/3732220.jpg?type=w140	마이데일리	2023.05.23 10:01
"PSG 참전→김민재 놓칠라...""맨유, KIM 영입에 필사적"""	https://sports.news.naver.com/wfootball/news/read?oid=311&aid=0001595853	(엑스포츠뉴스 나승우 기자) 맨체스터 유나이티드가 김민재 영입을 위해 필사적이다. 파리 생제르맹이라는 강력한 경쟁자가 나타났기 때문이다.영국 더선은 23일(...	"(엑스포츠뉴스 나승우 기자) 맨체스터 유나이티드가 김민재 영입을 위해 필사적이다. 파리 생제르맹이라는 강력한 경쟁자가 나타났기 때문이다.

영국 더선은 23일(한국시간) ""PSG가 김민재 영입전에 참전함에 따라 맨유는 김민재 영입을 마무리하기 위해 필사적으로 노력하고 있다""고 전했다.

김민재는 올 여름 이적시장을 달구고 있는 뜨거운 매물 중 한 명이다. 지난해 여름 페네르바체에서 나폴리로 이적한 후 핵심 센터백으로 활약하며 나폴리의 리그 우승을 도왔다.

나폴리가 리그 정상에 오른 건 1989/90시즌 이후 처음이다. 무려 33년 만에 달성한 성과다. 때문에 이번 시즌 나폴리는 구단 역사상 최고의 팀 중 하나라는 평가를 받고 있으며, 김민재가 그 주축으로 활약했다는 점은 많은 팀들의 관심을 끌기 충분했다.



지금까지 언급된 팀은 맨유, 뉴캐슬 유나이티드, 맨체스터 시티, PSG, 유벤투스 등이다. 맨유와 맨시티가 김민재를 두고 장외 '맨체스터 더비'를 펼칠 거라는 보도가 나왔고, 뉴캐슬이 다음 시즌 유럽대항전을 위해 김민재 영입을 원한다는 소식도 있었다.

유벤투스는 크리스티아노 지운톨리 나폴리 단장이 유벤투스로 떠난다면 김민재를 데리고 갈 것이라는 내용으로 연결됐다.

최근에는 맨유가 가장 유력한 행선지로 떠올랐다. 라파엘 바란, 리산드로 마르티네스가 뛰어난 호흡을 보여주긴 했으나 부상으로 고생하고 있으며, 백업 해리 매과이어와 빅토르 린델뢰프는 팀을 떠날 것으로 예상된다.

또한 에릭 턴하흐 감독이 수비 강화를 원하고 있으며, 팀 스타일 상 김민재가 가장 적합한 자원이라는 평가도 나왔다.



이탈리아 일 마티노는 ""김민재 영입을 위해 집까지 제공해줬다. 시즌당 780만 파운드(약 120억원)의 연봉을 제안했으며, 이적이 사실상 완료된 것으로 여겨진다""고 전하면서 김민재의 맨유 이적이 마무리 단계에 있다고 전했다.

이런 상황에서 PSG가 김민재 영입전에 뛰어들면서 경쟁이 더욱 치열해졌다.

더선은 ""PSG의 영입 리스트에도 김민재가 있다. 이미 김민재 에이전트가 PSG와 대화를 나눈 것으로 파악됐다""고 전했다. 그러면서 '맨유는 김민재 영입을 성사시키기 위해 필사적""이라고 덧붙였다.



사진=더선 캡쳐, DPA, EPA/연합뉴스
기사제공 엑스포츠뉴스
나승우 기자 winright95@xportsnews.com
나승우 기자
구독


구독자
1,980
응원수
1,707
라이트 팬도 쉽고 재밌게 읽을 수 있는 기사로 다가가겠습니다.
펩, '오마카세'에 푹 빠졌다…""초밥 먹고 23G 무패 행진+트레블 도전""
""케인, 트로피보다는 동상이야! 토트넘 남아줘!""…'토트넘 출신' 英 레전드 FW도, 잔류 촉구
Copyright ⓒ 엑스포츠뉴스. All rights reserved. 무단 전재 및 재배포 금지.
기사 섹션 분류 가이드"	https://imgnews.pstatic.net/image/origin/311/2023/05/23/1595853.jpg?type=w140	엑스포츠뉴스	2023.05.23 10:01
'지금 장난해?' 유벤투스 승점 삭감에 분노한 무리뉴, 왜?	https://sports.news.naver.com/wfootball/news/read?oid=445&aid=0000115076	사진=AS로마 공식 홈페이지, 주제 무리뉴(MHN스포츠 이솔 기자) AS로마의 감독, 주제 무리뉴가 유벤투스를 향한 상황에 분노를 표했다. 23일 오전 이탈...	"사진=AS로마 공식 홈페이지, 주제 무리뉴


(MHN스포츠 이솔 기자) AS로마의 감독, 주제 무리뉴가 유벤투스를 향한 상황에 분노를 표했다. 

23일 오전 이탈리아 로마 스타디오 올림피코에서 펼쳐진 2022-23 세리에A 36R 경기에서는 로마가 살레르니타나와 2-2로 비겼다.

로마는 전반 12분 선제실점을 시작으로 살레르니타나와 시소 게임을 이어간 끝에 2-2로 비겼다. 엘 샤라위, 네바냐 마티치가 각각 후반 2분, 38분에 득점했으나 승리로 연결되지는 않았다.

이날 무승부로 로마는 리그 5경기 무승행진을 이어갔다. 최근 5경기에서의 성적은 4무 1패.

경기 후 DAZN과의 인터뷰에서는 경기 결과와 더불어 유벤투스의 승점 10점 삭감에 대한 질문이 이어졌다.

무리뉴의 대답은 의외였다. 동업자 알레그리 감독과 선수들을 감싼 것.

그는 ""장난하는건지 모르겠지만 겨우 2경기를 남겨두고 이런 결과가 발표되는게 맞나 싶다. 리그에 참여한 모든 팀들이 사전에 이 정보를 알았다면, 경기에 임하는 태도, 전술적 방향성 등이 달라질 수 있었을 것이다""라며 시즌 중 발생한 승점 삭감-번복-재삭감에 대해 부정적인 입장을 전했다.

이어 무리뉴는 ""긴 말은 하고 싶지 않지만, (동업자로서) 알레그리와 선수들에게 유감이다. 이게 대체 뭐하는 상황인지...""라며 말을 줄였다.

한편, 이번 패배로 멀어진 UEFA 챔피언스리그(UCL) 진출 가능성. UCL 진출권에 위치한 AC밀란과의 승점차는 벌써 4점으로, UEFA 유럽대항전(UEL) 결승에 집중한 것이 원인이다. 남은 경기 전승하더라도 AC밀란이 1승 1무 이상을 거둔다면 진출이 불가능하다.

그는 ""실수 한 놈들은 따로 있는데, 괜히 우리가 피해를 받게 됐다. 나와 함께 한 코치진들과 선수들에게 유감을 표한다. 왜 우리가 유벤투스 승점 삭감에 이렇게 크게 영향받아야 하는건지 참...""이라며 아쉬움을 언급했다.

다만 UCL 가능성은 남아있다. 유벤투스를 꺾고 올라온 세비야를 상대로 UEL 결승을 앞둔 AS로마, 결승전에서 승리한다면 UCL 진출권을 확보할 수 있게 된다. 덤으로 미약하게나마 클럽 재정에 도움이 되는 UEFA 슈퍼컵에도 나설 수 있다.

마지막으로 그는 13년 전 트레블을 만들었던 옛 고향, 인터밀란의 UCL 결승에 대해 ""이제 그들이 역사를 만들 차례다""라며 응원을 보냈다.

기사제공 MHN스포츠
이솔 penexus@mhnew.com
이솔 기자
구독


구독자
2,090
응원수
530
누구보다 빠르게 해외의 소식을 전달합니다. 해외 스포츠 소식의 선구자, 이솔 기자입니다.
신이 된 '롯데'... 한-일 프로야구 동시 1위
[이솔의 솔직토크] '당기고, 올라가고' 시작된 킹겐의 LCK 등반 - HLE 선수단 인터뷰 ①
Copyright ⓒ MHN스포츠. All rights reserved. 무단 전재 및 재배포 금지.
기사 섹션 분류 가이드
다양한 장르''MHN스포츠''네이버 포스트에서
#스포츠 #패션 #뷰티 #엔터 거긴 어디? MHN스포츠"	https://imgnews.pstatic.net/image/origin/445/2023/05/23/115076.jpg?type=w140	MHN스포츠	2023.05.23 10:01
카세미루가 설득하고 있어...네이마르, 맨유와 '임대' 협상 중	https://sports.news.naver.com/wfootball/news/read?oid=411&aid=0000028782	[포포투=한유철]네이마르가 맨체스터 유나이티드와 협상을 진행하고 있다.꽤나 충격적인 소식이 들렸다. 네이마르가 맨유와 협상을 진행하고 있다는 소식이었다. 프...	"[포포투=한유철]

네이마르가 맨체스터 유나이티드와 협상을 진행하고 있다.

꽤나 충격적인 소식이 들렸다. 네이마르가 맨유와 협상을 진행하고 있다는 소식이었다. 프랑스 매체 '레퀴프'는 ""네이마르의 잠재적인 이적과 관련해 맨유와 파리 생제르맹(PSG)의 협상이 진행 중이다. 카세미루는 네이마르에게 맨유에 오라고 설득하고 있다. 계약 형태는 임대이며 맨유가 네이마르의 주급 전체를 부담할 계획이다""라고 전했다.

한때 신계를 노크한 선수다. 화려한 개인 기량을 장착한 호나우지뉴의 뒤를 이은 선수로 그의 플레이를 보고 있노라면 아름답다는 말이 절로 나온다. 반칙이 아니면 끊을 수 없는 유려한 움직임을 바탕으로 영향력을 드러내며 어린 나이에 이미 '슈퍼스타' 반열에 올랐다.

바르셀로나 시절이 최전성기였다. 2013년부터 2017년까지 리오넬 메시, 루이스 수아레스와 함께 'MSN 라인'을 구축해 유럽을 호령했다. 네 시즌 통산 186경기 105골 76어시스트라는 괴물 같은 기록을 남겼으며 리그, 코파 델 레이, 유럽축구연맹(UEFA) 챔피언스리그(UCL) 등 무수히 많은 트로피를 들어 올렸다.

이후 PSG로 향했다. 이적료만 무려 3000억 원 가까이 기록된 그야말로 '세기의 이적'이었다. PSG는 이후 킬리안 음바페까지 영입하며 두 명의 '원투 펀치'를 중심으로 오랜 숙원인 빅 이어를 노렸다.



하지만 PSG는 꿈을 실현하지 못했다. 네이마르가 못한 것은 아니었다. 현재까지 통산 173경기에 나와 118골 77어시스트를 올리는 등 표면적인 기록은 좋았다. 하지만 중요한 순간마다 부상으로 결장하며 장기적으로 팀 전력에 큰 도움이 되진 못했다. 매 시즌 UCL 도전에 실패할 때마다 팬들은 분노를 표출할 곳을 찾았고 네이마르가 표적이 됐다.

이번 시즌에도 마찬가지였다. 최근 메시의 사우디 아라비아 방문과 이에 따른 구단의 2주 출전 정지 징계 등 어수선한 분위기 속에서 PSG 팬들의 분노가 폭발했다. 영국 매체 '가디언'은  ""PSG 팬들은 네이마르의 집 앞에서 떠나라고 외쳤다. 구단은 이러한 행동을 규탄했다. 팬들은 구단 사무실 앞에서 보드진 사퇴를 요구한 가운데 비난의 화살은 네이마르에게도 향했다""라고 전했다.

이런 상황에서 이적설이 불거진 것이다. 가능성을 확언할 순 없다. 임대료가 크게 들 것으로 보이진 않지만, 네이마르가 어마어마한 주급을 받고 있기 때문이다. 맨유 입장에선, 천문학적인 주급을 감당하면서까지 네이마르를 영입할 필요가 있는 객관적으로 파악할 필요가 있다.

기사제공 포포투
한유철 기자 iyulje93@fourfourtwo.co.kr
한유철 기자
구독


구독자
2,036
응원수
1,476
TALK
한 곳에 편중되지 않고, 다양한 해외축구의 소식을 전하는 '전달자'로서의 역할을 다하겠습니다.
""김민재 작별 인사 준비"" 맨유 현금+린델로프 제안 고려→나폴리는 '현금만 줘!'
""아스널은 가기 싫어""...왜?→우승을 거부하는 팀!
Copyright ⓒ 포포투. All rights reserved. 무단 전재 및 재배포 금지.
기사 섹션 분류 가이드
포포투 FourFourTwo 잡지 정기 구독하기"	https://imgnews.pstatic.net/image/origin/411/2023/05/23/28782.jpg?type=w140	포포투	2023.05.23 10:01
'인종차별' 비니시우스, 앞으로도 차별과 싸운다...레알 재계약, 곧 오피셜	https://sports.news.naver.com/wfootball/news/read?oid=413&aid=0000160119	비니시우스 주니오르는 인종차별에 맞서 싸울 예정이다.레알 마드리드는 지난 22일 오전 4시(이하 한국시간) 스페인 발렌시아에 위치한 에스타디오 데 메스타야에...	"비니시우스 주니오르는 인종차별에 맞서 싸울 예정이다.

레알 마드리드는 지난 22일 오전 4시(이하 한국시간) 스페인 발렌시아에 위치한 에스타디오 데 메스타야에서 열린 2022-23시즌 스페인 라리가 35라운드에서 발렌시아에 0-1로 패배했다. 이로써 레알은 22승 5무 8패(승점 71)로 3위에 위치했다.

이날 비니시우스는 엄청난 견제를 받으면서 파울에 시달렸다. 거친 파울이 이어지는 과정에서 발렌시아 관중들의 도발이 있었다. 단순한 도발이 아니라 인종차별이 섞인 조롱이었고 쓰레기까지 투척했다. 비니시우스는 극도로 흥분했고 한동안 언쟁이 이어졌다.

경기 내내 인종차별에 시달렸던 비니시우스는 퇴장 이후 ""처음도 아니고 두 번째도 아니고 세 번째도 아니다. 스페인 라리가에서 인종차별은 흔하다. 연맹도 장려한다. 한때 호나우지뉴, 크리스티아누 호날두, 리오넬 메시가 뛰었던 리그는 오늘날 인종차별주의자들이 모여있다. 매주 일어나는 인종차별에 맞설 방법이 없다. 나는 끝까지 인종차별주의자들과 싸울 것이다""라고 작심 발언을 내뱉기도 했다.



경기 후 비니시우스는 ""인종차별자들이 얻은 상은 나의 퇴장이었다""는 글을 개인 SNS에 올렸다. 카를로 안첼로티 감독은 ""비니시우스는 피해자다. 인종차별이 만연한 환경에서도 뛰려고 했는데 모욕이 계속됐고 정말 심했다. 매우 슬픈 일이다. 라리가는 인종차별 행위를 단절하기 위해 노력해야 한다. 지금은 2023년이다""""고 비니시우스를 두둔했다.

논란이 계속되는 가운데 파리 생제르맹(PSG)이 비니시우스를 주시하고 있다는 소식이 전해졌다. 스페인 '스포르트'는 ""비니시우스가 인종차별로 주목됐다. 그는 스페인 라리가에서 일어나고 있는 상황에 신물이 났으며 떠날 수 있음을 암시했다. 여러 프랑스 매체에 따르면 PSG가 비니시우스와 관련된 상황을 주시하고 있다""라고 보도했다.



하지만 이는 사실이 아니었다. 비니시우스는 레알을 떠날 생각이 없는 것으로 알려졌다. 영국 '가디언' 등에서 활동하며 유럽 이적시장 전문가로 알려진 파브리시오 로마노 기자는 23일 개인 SNS를 통해 ""비니시우스는 레알을 떠날 생각이 없다. 레알도 비니시우스를 매각하지 않을 것이다. 2027년 6월까지 새로운 계약을 체결했다. 작년에 서명이 완료됐고, 곧 발표가 될 것""이라고 전했다.

이어 그는 ""비니시우스와 레알은 계속해서 인종차별에 맞서 싸울 것""이라고 덧붙였다. 실제로 레알은 이번 사태에 대해 빠르게 법적조치를 준비 중이다. 레알은 ""구단은 비니시우스에게 벌어진 사건에 대해 강력하게 반발하고 규탄한다. 이번 사건은 우리 법치주의와 민주주의 국가에 대한 직접적인 공격이다. 구단은 이러한 공격이 증오 범죄라고 생각하며 검찰에 고소장을 제출하여 인종차별에 대한 조사와 책임을 물을 것""이라고 밝혔다.

기사제공 인터풋볼
김대식 기자 rlaeotlr2015@interfootball.co.kr
김대식 기자
구독


구독자
6,658
응원수
767
TALK
인터풋볼 김대식 기자입니다. 축구의 재미를 느낄 수 있는 기사로 보답하겠습니다.
'580조 세계 최고 갑부 구단주' 뉴캐슬, 김민재 스카우트 완료...맨유 최대 경쟁자 급부상
""맨유, 김민재와 협상 중""...유럽 공신력 끝판왕 보도
Copyright ⓒ 인터풋볼. All rights reserved. 무단 전재 및 재배포 금지.
기사 섹션 분류 가이드
포포투 FourFourTwo 잡지 정기 구독하기"	https://imgnews.pstatic.net/image/origin/413/2023/05/23/160119.jpg?type=w140	인터풋볼	2023.05.23 10:01
"'든든한 형' 바란, 비니시우스 뒤에 서며 ""5대리그 조치를 취하라!"""	https://sports.news.naver.com/wfootball/news/read?oid=450&aid=0000093808	맨체스터 유나이티드 센터백 라파엘 바란. 사진┃뉴시스/AP레알 마드리드 윙포워드 비니시우스 주니오르. 사진┃뉴시스/AP[STN스포츠] 이형주 기자 = 라파엘...	"맨체스터 유나이티드 센터백 라파엘 바란. 사진┃뉴시스/AP
레알 마드리드 윙포워드 비니시우스 주니오르. 사진┃뉴시스/AP


[STN스포츠] 이형주 기자 = 라파엘 바란(29)이 전 동료 비니시우스 주니오르(22)를 보호하기 위해 나섰다. 

레알 마드리드는 22일(한국시간) 스페인 발렌시아지방 발렌시아주의 발렌시아에 위치한 메스타야에서 열린 2022/23시즌 스페인 프리메라리가 35라운드 발렌시아 CF와의 경기에서 0-1로 패배했다. 

이날 경기 중 일부 팬들에 의해 레알 윙포워드 비니시우스를 향한 인종차별이 자행됐다. 비니시우스는 그런 말을 듣고 눈물을 흘리기도 했다.

바란은 맨체스터 유나이티드 입성 전 레알서 비니시우스와 함께 뛰었던 전 동료다. 현재도 좋은 사이를 이어오고 있는 바란은 비니시우스를 보호하기 위해 나섰다. 

23일 바란은 자신의 SNS에 ""선수들은 수 차례 인종차별 행위의 대상이 될 수 있다. 또 왜 그런 일이 계속 발생하나? 말로만 하는 조치는 아무것도 바꿀 수 없다. 우리는 말 이상의 것이 필요하다. 인종 차별에 대한 직접적인 조치가 필요하다. (현재 대개 내려지는) 평생 경기장 출입 금지는 (인종 차별 관련 대책으로, 또 인종 차별을 억제하는 것에 있어) 충분하지 않다""라고 전했다. 

이어 ""플레이어를 보호하고 게임을 보호하기 위해 더 많은 노력을 기울여야 한다""라고 말하며 잉글리시 프리미어리그, 스페인 프리메라리가, 이탈리아 세리에 A, 독일 분데스리가, 프랑스 리그 앙, 국제축구연맹, 국제축구연맹 프로선수협회를 태그해 소환했다. 실용적 대책을 강구하라고 바란이 해당 단체들에 목소리를 냈다고 볼 수 있다.  

기사제공 STN 스포츠
이형주 기자 total87910@stnsports.co.kr
이형주 기자
구독


구독자
4,732
응원수
4,976
매력 넘치지만, 많은 어려움도 있는 이 직업을 선택했습니다.
토트넘 정도 체급의 팀이 유로파리그도 못 간다…UECL도 불투명
맨시티 B.실바의 바람, ""이번 결승에서는 이겼으면 좋겠다""
Copyright ⓒ STN 스포츠. All rights reserved. 무단 전재 및 재배포 금지.
기사 섹션 분류 가이드
STN SPORTS 뉴스 모바일 구독!
2022 대학가요제 참가신청!"	https://imgnews.pstatic.net/image/origin/450/2023/05/23/93808.jpg?type=w140	STN 스포츠	2023.05.23 09:58
맨유 7월 1일 전에 텐 하흐 야심작 'KIM' 개인협상 마무리, 기초군사훈련 EPL행 가속 페달	https://sports.news.naver.com/wfootball/news/read?oid=076&aid=0004010550	사진캡처=트위터[스포츠조선 김진회 기자] 맨유가 7월 1일 전에 '철기둥' 김민재(27·나폴리)와의 개인협상을 마무리짓길 원하고 있다.23일(이하 한국시각)...	"사진캡처=트위터
[스포츠조선 김진회 기자] 맨유가 7월 1일 전에 '철기둥' 김민재(27·나폴리)와의 개인협상을 마무리짓길 원하고 있다.

23일(이하 한국시각) 영국 매체 '팀토크'는 '바이아웃이 발동되기 전 텐 하흐 감독의 톱 타깃과의 거대한 이적 협상 가속화'라는 제하의 기사에서 ""맨유는 올 여름 김민재의 바이아웃 조항이 활성화되기 전 움직일 준비가 돼 있다""고 보도했다. 이어 ""맨유는 김민재와 계약할 유력한 후보처럼 보인다. 아마도 맨유는 김민재가 나폴리에서 보여준 영향력을 고려할 때 김민재를 해리 매과이어 뿐만 아니라 라파엘 바란의 장기적인 후계자로 만들 것""이라고 덧붙였다.

또 ""27세의 나이로 이미 전성기를 맞은 김민재는 다른 구단들의 관심도 받고 있다. 김민재는 나폴리가 계약을 업그레이드할 수 없는 한 바이아웃 조항이 활성화되는 7월 첫 2주 동안 계약할 수 있을 것""이라고 전했다.

사진캡처=트위터
그러면서 ""김민재의 정확한 가치는 설왕설래하고 있지만, 영국 매체 더 선은 4000만파운드 언저리라고 보고 있다. 맨유는 실제로 바이아웃이 활성화 되기 전 김민재와 계약을 마무리 짓고 싶어한다. 맨유가 계약을 성사시키기 위해 나폴리에 더 높은 금액을 제공할지는 불분명하다""고 했다.

더불어 ""김민재는 올 여름 동안 한국에서 군복무(기초군사훈련)을 하기로 예정돼 있다. 이것은 맨유가 김민재를 프리미어리그로 데려오기 위한 계획을 가속화하는 또 다른 요인이 될 수 있다""고 강조했다.

사진캡처=트위터
결론적으로 맨유는 김민재의 바이아웃이 발동되는 7월 1일 전까지 개인협상을 마무리짓고 싶어한다. 대부분의 외신들이 김민재의 맨유 이적이 사실상 확정됐다고 믿고 있지만, 아직 프랑스 파리생제르맹(PSG)이 김민재 영입을 포기하지 않고 있다는 소식이다. 이미 김민재 에이전트가 프랑스 파리에서 PSG 수뇌부와 미팅을 가진 바 있다. 당시 김민재 에이전트는 ""선수는 잉글랜드 프리미어리그를 선호한다""고 밝혔다. 그럼에도 PSG는 맨유의 가장 큰 위협으로 평가받고 있다. 때문에 맨유는 개인협상을 최대한 빨리 마치고 7월 1일부터 나폴리와 바이아웃에 대한 협상만 하고 싶다는 계획이다. 엄밀히 얘기하면 나폴리의 올 시즌 최종전이 열리는 6월 4일까지 개인협상을 끝내고 싶은 마음이다. 김민재가 다음달 중순부터 기초군사훈련에 돌입하기 때문이다. 3주간 계약이 진행되지 못할 가능성이 높다. 맨유는 변수를 줄이기 위해 빠른 협상 타결을 원하고 있는 것이다.

사진캡처=영국 더 선 홈페이지

기사제공 스포츠조선
김진회(manu35@sportschosun.com)
김진회 기자
구독


구독자
3,128
응원수
1,927
나폴리 이적 전 '발목 수술', 맨유 이적 전 '기초군사훈련', 김민재 심리적 부담 커진다
토트넘 센터백 수혈 급하다고 아무거나 주워먹다 체한다, 맨유 '계륵' 매과이어 영입 관심
Copyright ⓒ 스포츠조선. All rights reserved. 무단 전재 및 재배포 금지.
기사 섹션 분류 가이드
유명 연예인도 적중한 당신의 인생, 다음은?"	https://imgnews.pstatic.net/image/origin/076/2023/05/23/4010550.jpg?type=w140	스포츠조선	2023.05.23 09:48
창단 122년 첫 유로파 티켓, 日 MF 미토마 1140억 가치↑…BBC 베스트11 선정	https://sports.news.naver.com/wfootball/news/read?oid=076&aid=0004010548	사진캡처=BBC로이터 연합뉴스[스포츠조선 김성원 기자]브라이턴이 창단 122년 만에 처음으로 유럽클럽대항전 티켓을 품에 안았다.브라이턴은 22일(한국시간) ...	"사진캡처=BBC
로이터 연합뉴스
[스포츠조선 김성원 기자]브라이턴이 창단 122년 만에 처음으로 유럽클럽대항전 티켓을 품에 안았다.

브라이턴은 22일(한국시간) 영국 팔머의 아멕스 스타디움에서 열린 사우스햄턴과의 2022~2023시즌 잉글랜드 프리미어리그(EPL) 37라운드에서 3대1로 완승했다. 승점 61점을 기록한 브라이턴은 사실상 6위 자리를 확보했다. 7위 애스턴빌라(승점 58)가 사정권이지만 골득실차가 워낙 커 기적이 일어나지 않는 한 쉽지 않다.

6위에는 유로파리그 출전리그 티켓이 돌아간다. 1901년 창단된 브라이턴이 유럽클럽대항전에 출전하는 것은 이번이 처음이다.

사우스햄턴전에선 18세의 신예 에반 퍼거슨이 2골을 폭발시켰다. 하지만 주인공은 일본 출신의 미토마 가오루였다.

영국의 'BBC'는 23일 EPL 37라운드 베스트11을 공개했다. '이 주의 팀'에 퍼거슨은 없었다. 브라이턴 선수 중에는 유일하게 미토마가 이름을 올렸다. 그는 퍼거슨의 두 번째 골을 어시스트했다.

'이주의 팀'을 선정하는 축구 전문가 가스 크룩스는 '미토마는 대단한 시즌을 보냈다. 3대1로 승리한 사우스햄턴전에서 왜 그가 득점자에 이름이 없었는지 모르겠다. 미토마는 모든 곳에 있었고, 번개처럼 빨랐다. 볼은 발밑을 떠난지 않았다'고 평가했다.

그는 또 '미토마는 현재 시장에서 최소 7000만파운드(약 1140억원)의 가치가 있다. 브라이턴은 가능하다면 그를 꼭 지켜야 한다. 그는 브라이턴의 성공에 중요한 역할을 했다'고 강조했다.

미토마는 올 시즌 EPL에 입성한 후 브라이턴의 간판으로 떠오를 정도로 큰 화제를 불러일으키고 있다. '빅클럽'의 러브콜도 쇄도하고 있다. 그는 아시아 최초의 역사를 모두 깨고 있는 손흥민(토트넘)의 아성에 도전장을 냈다.

'이 주의 팀'에는 토트넘을 침몰시킨 브라이언 음뵈모(브렌트포드)와 풀럼의 알렉산다르 미트로비치가 투톱에 포진한 가운데 미드필드에는 미토마, 카세미루(맨유), 모건 깁스-화이트(노팅엄 포레스트), 제로드 보웬(웨스트햄)이 늘어섰다.

포백에는 리코 헨리(브렌트포드), 예리 미나(에버턴), 빅토르 린델로프(맨유), 키어러 트리피어(뉴캐슬), 골키퍼에는 다비드 라야(브렌트포드)가 이름을 올렸다.

기사제공 스포츠조선
김성원(newsme@sportschosun.com)
김성원 기자
구독


구독자
3,072
응원수
467
""샴페인은 왜 없어"" 앉아서 EPL 3연패+트레블 첫 단추, 맨시티 '단관' 흥 폭발
""많은 변화가 필요해"" 케인, 토트넘 잔류 마지노선→레비 회장에 최후통첩
Copyright ⓒ 스포츠조선. All rights reserved. 무단 전재 및 재배포 금지.
기사 섹션 분류 가이드
유명 연예인도 적중한 당신의 인생, 다음은?"	https://imgnews.pstatic.net/image/origin/076/2023/05/23/4010548.jpg?type=w140	스포츠조선	2023.05.23 09:48
스페인 프로축구, 또 인종차별 논란... '증오범죄' 수사	https://sports.news.naver.com/wfootball/news/read?oid=047&aid=0002393135	레알 공격수 비니시우스, 경기 중 관중에게 인종차별 공격 받아▲ 스페인 프로축구 레알 마드리드 공격수 비니시우스 주니오르(브라질)의 인종차별 피해를 보도하...	"레알 공격수 비니시우스, 경기 중 관중에게 인종차별 공격 받아

▲  스페인 프로축구 레알 마드리드 공격수 비니시우스 주니오르(브라질)의 인종차별 피해를 보도하는 AP통신
ⓒ AP

 
스페인 프로축구 레알 마드리드 공격수 비니시우스 주니오르(브라질)가 관중에게 당한 인종차별로 축구계가 들끓고 있다. 

스페인 발렌시아 지방 검찰은 22일(현지시각) 비니시우스에 대한 인종차별을 '증오 범죄(hate crime)'로 수사한다고 AP통신, BBC방송 등이 보도했다.

비니시우스는 전날 발렌시아 메스타야 스타디움에서 열린 발렌시아와의 경기 중 자신에게 인종차별적 욕설을 하는 관중들과 설전을 벌였다. 이 때문에 경기가 잠시 중단됐고, 발렌시아 팬들은 비니시우스를 향해 ""원숭이""라고 외쳤다.

선수에게 '원숭이' 욕설 외친 관중들... 브라질 대통령도 나서

비니시우스는 경기가 끝나고 소셜미디어에 ""라리가(스페인 프로축구)에서는 인종차별이 일상적인 일""이라며 ""라리가 사무국의 대응을 보면 스페인은 인종차별 국가로 인식된다""라고 썼다. 

레알 마드리드의 카를로 안첼로티 감독도 기자회견에서 ""경기장 전체가 비니시우스에게 원숭이라며 인종차별 공격을 했지만, 어떤 일도 벌어지지 않았다""라며 ""축구에 대해 이야기하는 것은 더 이상 의미가 없다""라고 심판진의 느슨한 대응을 꼬집었다. 또한 ""만약 경기 중 선수가 인종차별을 당하면 심판진은 경기를 즉각 중단시켜야 한다""라고 주장했다. 

그러나 하비에르 테바스 라리가 회장은 ""비니시우스는 인종차별 대응책을 논의하는 회의에 불참했었다""면서 ""라리가를 비판하기 전에 먼저 자신의 상황을 알릴 필요가 있다""라고 반박했다. 인종차별 구호를 외친 관중이 아니라 피해자인 선수를 비난한 것이다.

발렌시아 구단도 ""어떤 인종차별도 용납하지 않으며, 그런 행동을 한 사람들의 신원을 확인했다""라며 ""사법 당국에 적극적으로 협조할 것""이라고 밝혔다. 

다만 ""안첼로티 감독이 당시 경기장에 있던 발렌시아의 모든 팬들을 인종차별주의자로 낙인찍으려는 것은 잘못된 일""이라며 ""그가 실수를 깨닫고 발언을 사과해야 한다""라고 반발하기도 했다. 

그러자 비니시우스의 조국인 브라질까지 나서면서 이번 사건은 외교 갈등으로 확산됐다. 일본 히로시마에서 열린 주요 7개국(G7) 정상회의에 참석한 루이스 이나시우 룰라 다시우바 브라질 대통령은 전날 폐막 기자회견에서 이를 언급했다.

룰라 대통령은 ""비니시우스는 레알 마드리드 최고의 선수""라며 ""세계 최고로 향하는 길을 걷고 있는 소년이 경기장에서 인종차별적 모욕을 당하는 것은 부당하다""라고 비판했다.

난감한 스페인 정부 ""인종차별, 스페인 대변하지 않는다"" 
  ▲  스페인 프로축구 레알 마드리드 공격수 비니시우스 주니오르(브라질)의 인종차별 피해를 보도하는 영국 BBC방송
ⓒ BBC

 
비니시우스는 그동안 여러 차례 인종차별 공격을 했다. 라리가 사무국은 ""지금까지 인종차별에 적극적으로 대응했으며, 최근 2년간 사법 당국에 9건의 신고를 접수했다""라고 밝혔다. 하지만 현재까지 해당 행위로 처벌받은 사례는 없다.

결국 욜란다 디아즈 스페인 부총리 겸 노동부 장관이 성명을 내고 ""경기장에서의 인종차별인 구호는 스페인을 대변하지 않는다""라며 ""인종차별을 끝내기 위한 노력을 계속하겠다""라고 공약했다.

루이스 루비알레스 스페인 왕립축구협회장도 ""스페인에서 누군가의 피부색, 성적 정체성 등을 모욕하는 사람이 한 명 또는 한 무리가 있더라도 국가 전체를 더럽히는 심각한 문제""라고 규탄했다. 

국제축구연맹(FIFA)은 ""경기장에서 인종차별이 발생하면 심판진은 경기를 중단할 수 있다""라고 관련 규정을 거듭 강조하면서 ""축구에서 인종차별은 설 자리가 없으며, 피해를 당한 비니시우스에게 완전한 연대를 표한다""라고 밝혔다. 

유럽 축구에서 인종차별은 근절되지 않고 있다. 잉글랜드 프리미어리그에서 뛰는 손흥민(토트넘)도 여러 차례 피해를 당했으며, 영국 사법 당국이 가해자 관중들에게 벌금형 및 경기장 무기한 출입 금지 등의 징계를 내렸다. 
기사제공 오마이뉴스
윤현
Copyright ⓒ 오마이뉴스. All rights reserved. 무단 전재 및 재배포 금지.
기사 섹션 분류 가이드
오마이뉴스 취재 후원하기
독자 여러분의 제보를 기다립니다"	https://imgnews.pstatic.net/image/origin/047/2023/05/23/2393135.jpg?type=w140	오마이뉴스	2023.05.23 09:38
